title;	genus;	species;	name
Adolf Loos;	"";	"";	adolf loos
Edward Durell Stone;	"";	"";	edward durell stone
Siemens (surname);	"";	"";	siemens, simens, ziemens
Richard Meier;	"";	"";	richard meier
John C. Portman Jr.;	"";	"";	john c. portman jr.
Methuselah;	"";	"";	methuselah
Puffin;	"";	"";	puffin
Auk;	"";	"";	auks
Paolo Soleri;	"";	"";	paolo soleri
Moshe Safdie;	"";	"";	moshe safdie
Louis Kahn;	"";	"";	louis kahn
Werner von Siemens;	"";	"";	werner von siemens
Kevin Roche;	"";	"";	kevin roche john dinkeloo and associates}}
Skidmore, Owings & Merrill;	"";	"";	skidmore, owings & merrill llp
Peccary;	"";	"";	peccaries
Córdoba, Spain;	"";	"";	córdoba
Methuselah's Children;	"";	"";	methuselah's children
Hartford, Connecticut;	"";	no;	hartford
Gujarat;	"";	"";	gujarat
Hope Diamond;	"";	"";	hope diamond
De Beers;	"";	"";	de beers group
Taos Pueblo;	"";	"";	taos pueblo<br />''tə̂otho'' or ''tə̂obo''<br />''ȉałopháymųp’ȍhə́othə̀olbo'' or ''ȉałopháybo''<br/>''pueblo de taos''
DV;	"";	"";	dv
Taos, New Mexico;	"";	"";	""
Life: A User's Manual;	"";	"";	life a user's manual
Juan Bautista de Anza;	"";	"";	juan bautista de anza
Stiff Records;	"";	"";	stiff records
Hayden Christensen;	"";	"";	hayden christensen
Marcian;	"";	"";	marcian
Alex Cox;	"";	"";	alex cox
David Niven;	"";	"";	david niven
The Rubettes;	"";	"";	the rubettes
Senufo languages;	"";	"";	senufo
Gur languages;	"";	"";	gur
Ford–Fulkerson algorithm;	"";	"";	ford&ndash;fulkerson}}
Lake trout;	salvelinus;	namaycush;	lake trout
A Dictionary of the English Language;	"";	"";	a dictionary of the english language
New Haven, Connecticut;	"";	"";	new haven
St. Elizabeths Hospital;	"";	"";	st. elizabeths hospital
Salt Lake City;	"";	"";	salt lake city
Dallas;	"";	"";	dallas <!--do not add state, per infobox:settlement.-->
Fort Worth, Texas;	"";	"";	fort worth
Galveston, Texas;	"";	"";	galveston
New Orleans;	"";	"";	new orleans
Miami;	"";	"";	miami
Resource Description Framework;	"";	"";	rdf 1.1 turtle serialization
San Antonio;	"";	no;	san antonio <!--do not add state, per infobox:settlement.-->
Hollywood, Los Angeles;	"";	"";	hollywood
Benny Goodman;	"";	"";	benny goodman
Darth Vader;	"";	"";	darth vader
Jim Thorpe;	"";	"";	jim thorpe
Betelgeuse;	"";	"";	betelgeuse
Death Star;	"";	"";	death star
Centre Pompidou;	"";	"";	centre georges pompidou
Noir (TV series);	"";	"";	noir
Carniola;	"";	"";	carniola
Night of the Long Knives;	"";	"";	papen}}
Musée d'Orsay;	"";	"";	musée d'orsay
Beaulieu, Hampshire;	"";	"";	beaulieu jazz festival
Arms and the Man;	"";	"";	arms and the man
Lucan;	"";	"";	lucan
CYK algorithm;	"";	"";	cocke–younger–kasami algorithm (cyk)
Ulysses (novel);	"";	"";	ulysses}}
XM2001 Crusader;	"";	"";	xm2001 crusader
Hippocampus;	"";	"";	hippocampus
Black-and-white colobus;	[[colobus]];	"";	black-and-white colobus<ref name=msw3>{{msw3 groves
Diarrhea;	"";	"";	diarrhea
The Empire Strikes Back;	"";	"";	the empire strikes back
Marc Connelly;	"";	"";	marc connelly
Otto Harbach;	"";	"";	otto harbach
Manchego;	"";	"";	manchego<br/>{{nobold
Lorenz Hart;	"";	"";	lorenz hart
Mary Rodgers;	"";	"";	mary rodgers
Frederick Loewe;	"";	"";	frederick loewe
Moss Hart;	"";	"";	moss hart
I'd Rather Be Right;	"";	"";	i'd rather be right
Sylow theorems;	"";	"";	corollary
Comanche;	"";	"";	"\"comanche indians\"}}"
Le Havre;	"";	"";	le havre
Seine;	"";	"";	seine
Sophus Lie;	"";	"";	sophus lie
1924 Winter Olympics;	"";	"";	iocmilitarypatrol
Ngo Dinh Diem;	"";	"";	ngô đình diệm
Euro-Atlantic Partnership Council;	"";	"";	euro-atlantic partnership council
Peter Bonetti;	"";	"";	peter bonetti
Vanilla Sky;	"";	"";	vanilla sky
Jus soli;	"";	"";	israel}}: children born in israel who have never acquired another citizenship are eligible to apply for israeli citizenship between their 18th and 21st birthday if they have lived in israel for over 5 years (see [[israeli citizenship law]]).<ref>{{cite book
Talcott Parsons;	"";	"";	talcott parsons
Gothic architecture;	"";	"";	gothic architecture
Old Italic scripts;	"";	"";	old italic
Wank (mountain);	"";	"";	wank
City of Westminster;	"";	"";	city of westminster
Robert Ludlum;	"";	"";	robert ludlum
Len Deighton;	"";	"";	len deighton
Harry Palmer;	"";	"";	harry palmer
Vitamin B6;	"";	"";	vitamin b<sub>6</sub>
Biotin;	"";	"";	biotin
Rhyolite;	"";	"";	rhyolite
Kart racing;	"";	"";	kart racing
Lesbos Prefecture;	"";	"";	lesbos prefecture
Breadfruit;	artocarpus;	altilis;	breadfruit
Pope Liberius;	"";	"";	liberius
Peugeot;	"";	"";	automobiles peugeot
Leaving Las Vegas;	"";	"";	leaving las vegas
Pope Pius IX;	"";	"";	pius ix
Columbia County, New York;	"";	"";	"\"sullivan-founding\"}}"
Raiders of the Lost Ark;	"";	"";	raiders of the lost ark
Terni;	"";	"";	terni
LaserWriter;	"";	"";	laserwriter
Pulp Fiction;	"";	"";	pulp fiction
John Travolta;	"";	"";	john travolta
Saturday Night Fever;	"";	"";	saturday night fever
Miller Brewing Company;	"";	"";	miller brewing company
Pudelpointer;	"";	"";	pudelpointer
Libero Liberati;	"";	"";	libero liberati
Stingray;	"";	"";	stingrays
Sodium dodecyl sulfate;	"";	"";	sodium lauryl sulfate
Philip II of Macedon;	"";	"";	philip ii
Diaper;	"";	"";	diaper
Evergreen bagworm;	"";	"";	evergreen bagworm
Ganymede (moon);	"";	"";	ganymede
Danyon Loader;	"";	"";	danyon loader
H. L. Mencken;	"";	"";	h. l. mencken
Grand Prix motorcycle racing;	"";	"";	grand prix motorcycle racing
Trimurti;	"";	"";	trimurti
Reinforced concrete;	"";	"";	reinforced concrete
Myliobatiformes;	"";	"";	zanobatoidei
Silk Road;	"";	"";	silk road
John Paul Jones (musician);	"";	"";	john paul jones
Tisza;	"";	"";	tisza
Hello Kitty;	"";	[[anthropomorphism;	hello kitty
Polycystic ovary syndrome;	"";	"";	polycystic ovary syndrome
Raymond Queneau;	"";	"";	raymond queneau
Samuel L. Jackson;	"";	"";	samuel l. jackson
Ectopic pregnancy;	"";	"";	ectopic pregnancy
Union of Utrecht;	"";	"";	union of utrecht
Orange S.A.;	"";	"";	orange s.a.
Fairy;	"";	"";	fairy
Crestones;	"";	"";	crestones
Chester W. Nimitz;	"";	"";	chester w. nimitz
History of Denmark;	"";	"";	history of denmark
Crestone, Colorado;	"";	"";	crestone, colorado
Jay Miner;	"";	"";	jay glenn miner
Kalamazoo, Michigan;	"";	"";	kalamazoo, michigan
Frank Drake;	"";	"";	frank drake
Namadgi National Park;	"";	"";	namadgi national park
Sturmabteilung;	"";	"";	{{lang
Houghton, Michigan;	"";	"";	houghton, michigan
Philip II of Spain;	"";	"";	philip ii
TI-89 series;	"";	"";	ti-89
Dizzy Gillespie;	"";	"";	dizzy gillespie
Charlie Parker;	"";	"";	charlie parker
Ryōji Noyori;	"";	"";	ryōji noyori
Factitious disorder imposed on self;	"";	"";	factitious disorder imposed on self
The Wonderful Wizard of Oz;	"";	"";	the wonderful wizard of oz
Bird of prey;	"";	falconiformes;	birds of prey
Muzio Clementi;	"";	"";	muzio clementi
Rensselaer County, New York;	"";	"";	"\"sullivan-founding\"}}"
Cape Canaveral;	"";	"";	cape canaveral
Lawrence Lessig;	"";	no}};	lawrence lessig
Wolin;	"";	"";	wolin
Kültepe;	"";	"";	kültepe
Incubus (band);	"";	"";	incubus
Lloyd deMause;	"";	"";	lloyd demause
Opal;	"";	"";	opal
Alice Miller (psychologist);	"";	"";	alice miller
Benjamin Spock;	"";	"";	no}}
Los Angeles Xtreme;	"";	"";	los angeles xtreme
Lyndon B. Johnson;	"";	"";	1957 & 1960 civil rights bills
Citric acid;	"";	"";	citric acid
Eddie Murphy;	"";	"";	eddie murphy
Coming to America;	"";	"";	coming to america
Tucker 48;	"";	"";	tucker 48
Preston Tucker;	"";	"";	preston tucker
Syldavia;	"";	"";	syldavia
Mnemosyne;	"";	"";	mnemosyne
Jars of Clay;	"";	"";	jars of clay
7 Up;	"";	"";	7 up
Geography of Fiji;	"";	"";	fiji
Cadbury;	"";	"";	cadbury usa
RC Cola;	"";	"";	royal crown cola
Subway (restaurant);	"";	"";	subway ip llc&nbsp;
Root beer;	"";	"";	root beer
Bob Keeshan;	"";	"";	bob keeshan}}
Cicada;	"";	"";	cicada
Charles Rennie Mackintosh;	"";	"";	""
Charles Macintosh;	"";	"";	charles macintosh
TeachText;	"";	"";	teachtext
TextEdit;	"";	"";	textedit
Tina Arena;	"";	no;	tina arena
Manowar;	"";	"";	manowar
Mixmaster anonymous remailer;	"";	"";	mixmaster
The Bash Street Kids;	"";	"";	the bash street kids
Willie Rushton;	"";	"";	willie rushton
Kru languages;	"";	"";	kru
Nyabwa language;	"";	"";	nyabwa
Abdominal obesity;	"";	"";	abdominal obesity
Natufian culture;	"";	"";	natufian culture
Tony Awards;	"";	"";	tony award
Liu;	"";	"";	liu
Tibet Autonomous Region;	"";	"";	tibet autonomous region
Andrew Lloyd Webber;	"";	"";	the lord lloyd-webber
Sima Guang;	"";	"";	sima guang<br />{{normal
Cherry;	"";	"";	cherries, sour, red, raw
Copper Island;	"";	"";	copper island
Mildred Benson;	"";	"";	mildred wirt benson
Carolyn Keene;	"";	"";	carolyn keene
Stratemeyer Syndicate;	"";	"";	stratemeyer syndicate
Harlem;	"";	"";	harlem
Downing Street;	"";	"";	downing street
Andy Razaf;	"";	"";	andy razaf
Magnus III of Sweden;	"";	"";	magnus iii
Basil Zaharoff;	"";	"";	sir basil zaharoff
Svend Robinson;	"";	"";	svend robinson
Telomere;	"";	"";	note1
Tonkatsu;	"";	"";	tonkatsu
Edward Witten;	"";	"";	edward witten
Ginger;	zingiber;	officinale;	ginger root (raw)
Saint Nicholas;	"";	"";	nicholas
Yaoi;	"";	no;	""
Olybrius;	"";	"";	olybrius
Pantone;	"";	"";	pantone llc
Montesquieu;	"";	"";	montesquieu
Younger Dryas;	"";	"";	"\"note000g\""
Fats Waller;	"";	"";	fats waller
Snail;	"";	"";	snails
Treaty of Nanking;	"";	"";	treaty of nanking
Geffen Records;	"";	"";	{{color
Adirondack Mountains;	"";	"";	adirondack mountains
Whoopi Goldberg;	"";	"";	whoopi goldberg
Marillion;	"";	"";	marillion
Mantoux test;	"";	"";	mantoux test
Prader–Willi syndrome;	"";	"";	prader–willi syndrome
Bunge Limited;	"";	"";	bunge limited
Forbidden Planet;	"";	"";	forbidden planet
Autonomous communities of Spain;	"";	"";	autonomous communities<br />
Andalucia (album);	"";	"";	andalucia
Battle of Tsushima;	"";	"";	order}}}} <br />22 auxiliary vessels
Bauhaus (band);	"";	"";	bauhaus
Leslie Nielsen;	"";	"";	leslie nielsen
Ivo Andrić;	"";	"";	ivo andrić
Josquin des Prez;	"";	"";	ave
Epipalaeolithic;	"";	"";	epipalaeolithic
Larry Bird;	"";	no;	larry bird
Ogonek;	"";	"";	ogonek
Great Dividing Range;	"";	"";	great dividing range
Reconstruction era;	"";	"";	reconstruction era
Bo Hansson;	"";	"";	bo hansson
Inner Mongolia;	"";	"";	inner mongolia
Nanjing Massacre;	"";	"";	duration
Puyi;	"";	"";	xuantong emperor <br />{{nobold
Chen Shui-bian;	"";	"";	chen shui-bian
Lee Teng-hui;	"";	"";	lee teng-hui
Mainland China;	"";	"";	word1
Carnarvon National Park;	"";	"";	carnarvon national park
Pierre Schaeffer;	"";	"";	pierre schaeffer
LZ 129 Hindenburg;	"";	"";	lz 129 ''hindenburg''
Alpine National Park;	"";	"";	alpine national park
Little Desert National Park;	"";	"";	little desert national park
Cabbage;	"";	''[[brassica oleracea]]'';	cabbage
Dubrovnik;	"";	"";	dubrovnik
Juliette Binoche;	"";	"";	juliette binoche
Treaty of Passarowitz;	"";	"";	treaty of passarowitz
Treaty of Belgrade;	"";	"";	belgrade peace
Peak District;	"";	"";	peak district national park
André Breton;	"";	"";	andré breton
Motorola 88000;	"";	"";	m88000
Barbara McClintock;	"";	"";	barbara mcclintock
Albula Alps;	"";	"";	albula alps
Lepontine Alps;	"";	"";	lepontine alps
Adula Alps;	"";	"";	adula alps
Dolomites;	"";	"";	dolomites
Dauphiné Alps;	"";	"";	dauphiné alps
Maritime Alps;	"";	"";	maritime alps
Glarus Alps;	"";	"";	glarus alps
Cottian Alps;	"";	"";	cottian alps
Pennine Alps;	"";	"";	pennine alps
Bernese Alps;	"";	"";	bernese alps
Graian Alps;	"";	"";	graian alps
Tim Brooke-Taylor;	"";	"";	tim brooke-taylor
Great Artesian Basin;	"";	"";	great artesian basin
Anders Hejlsberg;	"";	"";	anders hejlsberg
Buckminsterfullerene;	"";	"";	buckminsterfullerene
Larrea tridentata;	larrea;	tridentata;	creosote bush
Lockheed SR-71 Blackbird;	"";	"";	"sr-71 \"blackbird\""
Utah Phillips;	"";	"";	utah phillips
Kalamazoo College;	"";	"";	kalamazoo college
North Brabant;	"";	"";	north brabant
Asia (band);	"";	"";	asia
Øresund;	"";	"";	øresund
Francisco Pizarro;	"";	"";	francisco pizarro
James Dewar;	"";	"";	dewar, james}}</ref> he became a member of the [[royal institution]] and later, in 1877, replaced [[john hall gladstone
Canning Stock Route;	"";	"";	canning stock route (halls creek terminus)
Ernst Mach;	"";	"";	ernst mach
Caracas;	"";	"";	caracas
Gedeon Burkhard;	"";	"";	gedeon burkhard
United Federation of Planets;	"";	"";	united federation of planets
Allergy;	"";	"";	allergy
USS Voyager (Star Trek);	"";	"";	uss ''voyager'' (ncc-74656)
Ambient music;	"";	"";	ambient music
Total Recall (1990 film);	"";	"";	total recall
Neturei Karta;	"";	"";	neturei karta
Song Zheyuan;	"";	"";	song zheyuan <br> 宋哲元
Hermann Huppen;	"";	"";	hermann
Hierarchical File System (Apple);	"";	"";	hfs
Jeet Kune Do;	"";	"";	jeet kune do<br>截拳道
Dragon (magazine);	"";	"";	''dragon'' magazine archive
Hercules (emulator);	"";	"";	hercules
Ashkelon;	"";	"";	ashkelon
Gaza City;	"";	"";	gaza
Hadean;	"";	"";	{{color
Banded iron formation;	"";	"";	banded iron formation
Silenus;	"";	"";	silenus
Schenectady, New York;	"";	"";	}}
Jean-François Champollion;	"";	"";	jean-françois champollion
Wuthering Heights;	"";	"";	wuthering heights
Jane Eyre;	"";	no;	jane eyre
Star Wars: Episode III – Revenge of the Sith;	"";	"";	star wars: episode iii –<br />revenge of the sith
Bertha von Suttner;	"";	"";	bertha von suttner
Peter Greenaway;	"";	"";	peter greenaway
Coptic script;	"";	"";	coptic script
Doñana National Park;	"";	"";	doñana national park
DeWitt Clinton;	"";	"";	dewitt clinton
Catch-22;	"";	"";	catch-22
Robinson Crusoe;	"";	"";	robinson crusoe
Roald Dahl;	"";	"";	pronounce}} (13 september 1916&nbsp;– 23 november 1990) was a british<!-- don't change this to english or welsh. he was born in wales and raised in england, so british is a good middle ground. --> author of popular [[children's literature]] and short stories, a poet, screenwriter and a wartime [[flying ace
The Addams Family;	"";	"";	character1}} and [[grandmama (the addams family)
Miller's Crossing;	"";	"";	miller's crossing
Elizabeth Gaskell;	"";	"";	elizabeth gaskell
NeWS;	"";	"";	news
R. Kelly;	"";	"";	r. kelly
Donkey;	equus;	africanus;	donkey
Odesa;	"";	"";	odesa
National Road;	"";	"";	national road
Act Prohibiting Importation of Slaves;	"";	"";	act prohibiting importation of slaves
Second Bank of the United States;	"";	"";	second bank of the united states
First Bank of the United States;	"";	"";	first bank of the united states
Bank of North America;	"";	"";	bank of north america
MAD (programming language);	"";	"";	mad
Gout;	"";	"";	gout
Sleepy Hollow (film);	"";	"";	sleepy hollow
Peanut;	arachis;	hypogaea;	peanut, valencia, raw
Haifa;	"";	"";	haifa
Gwen Verdon;	"";	"";	gwen verdon
Interior (topology);	"";	"";	"theorem<ref name=\"zalinescu 2002 p. 33\">{{cite book"
School uniform;	"";	"";	school uniform
Catilinarian orations;	"";	"";	cicero's orations ''by marcus tullius cicero''}}
Monocotyledon;	"";	"";	monocotyledons
Luton;	"";	"";	""
Pope Sabinian;	"";	"";	sabinian
Sun Quan;	"";	"";	emperor da of wu<br/>吳大帝
Hans Janmaat;	"";	"";	hans janmaat
Millicent Fawcett;	"";	"";	millicent fawcett
Warsaw Convention;	"";	"";	warsaw convention
Peter the Aleut;	"";	"";	saint peter the aleut
Andrew Bobola;	"";	"";	andrew bobola
Buckinghamshire;	"";	"";	tim rice}}</ref> and [[andy riley]] who is from aylesbury.
Acre, Israel;	"";	"";	acre
Turquoise;	"";	"";	turquoise
Hospital volunteer;	"";	"";	hospital volunteer
Hua Mulan;	"";	"";	hua mulan<br />{{nobold
Mulan (Disney character);	"";	<!-- for non-humans only -->;	mulan
Foraker Act;	"";	"";	organic act of 1900
Mulan (1998 film);	"";	"";	mulan
Clear and Present Danger;	"";	"";	clear and present danger
Emergency Quota Act;	"";	"";	uk
Tennessee Valley Authority;	"";	"";	tennessee valley authority
Home Owners' Loan Corporation;	"";	"";	home owners' loan corporation
Thessaly;	"";	"";	thessaly
National Labor Relations Act of 1935;	"";	"";	national labor relations act (wagner act)
Lend-Lease;	"";	"";	lend-lease act
Taft–Hartley Act;	"";	"";	labor management relations act of 1947
Bob Dole;	"";	"";	bob dole
Gus Hall;	"";	"";	gus hall
Linz;	"";	"";	linz
Innsbruck;	"";	"";	innsbruck
Salzburg (federal state);	"";	"";	salzburg
Vienna;	"";	"";	vienna
Love (band);	"";	"";	love
Triglav National Park;	"";	"";	triglav national park
Naples;	"";	"";	naples
Triglav;	"";	"";	triglav
Cocoa (API);	"";	"";	cocoa
GNUstep;	"";	"";	gnustep
Primož Trubar;	"";	"";	primož trubar
Peter Gabriel;	"";	no}};	""
Flare Technology;	"";	"";	flare technology
Belgrade;	"";	"";	belgrade
Zagreb;	"";	"";	zagreb
Security-Enhanced Linux;	"";	"";	selinux
Laurel and Hardy;	"";	"";	laurel and hardy
Richard Leveridge;	"";	"";	richard leveridge
Keith Emerson;	"";	"";	keith emerson
Simón Bolívar;	"";	"";	simón bolívar
Stanley Fish;	"";	"";	stanley eugene fish
Prostatitis;	"";	"";	prostatitis
Prostate;	"";	"";	prostate
Urinary system;	"";	"";	urinary system
Eric Corley;	"";	"";	eric corley
Politician;	"";	"";	politician
Lennox Lewis;	"";	"";	lennox lewis<br>{{post-nominals
Communication disorder;	"";	"";	communication disorder
Inner ear;	"";	"";	'''inner ear'''
Middle ear;	"";	"";	middle ear
Outer ear;	"";	"";	outer ear
Black rat;	rattus;	rattus;	black rat
Xanana Gusmão;	"";	"";	xanana gusmão
Tell Abu Hureyra;	"";	"";	tell abu hureyra
Tommy Cooper;	"";	"";	tommy cooper
Ménière's disease;	"";	"";	ménière's disease
K. M. Peyton;	"";	"";	gcfp}} in 1979, the flambards trilogy was [[film adaptation
Prosper Menière;	"";	"";	prosper menière
Tongue;	"";	"";	tongue
Northrop Grumman E-2 Hawkeye;	"";	"";	e-2 hawkeye
Trieste;	"";	no;	trieste
Cain;	"";	"";	cain
Manneken Pis;	"";	"";	fn1
Stevie Smith;	"";	"";	stevie smith
Wildfire;	"";	no;	""
Brown rat;	rattus;	norvegicus;	""
David Stirling;	"";	"";	sir david stirling
Tierra Amarilla, New Mexico;	"";	"";	tierra amarilla, new mexico
Sorghum;	sorghum;	"";	sorghum grain
Battle of the Little Bighorn;	"";	"";	the battle of little bighorn
Thiruvananthapuram;	"";	"";	thiruvananthapuram
Kottayam district;	"";	"";	kottayam district
Kozhikode;	"";	"";	kozhikode
Taranto;	"";	"";	taranto
Boris III of Bulgaria;	"";	"";	boris iii
Ophthalmology;	"";	"";	ophthalmologist
Orange County, New York;	"";	"";	"\"sullivan-founding\"}}"
Obi-Wan Kenobi;	"";	human;	obi-wan kenobi
Warp Drive;	"";	"";	warp drive
Crop circle;	"";	"";	"\"capron1880\""
VT100;	"";	"";	vt100
Meteor Crater;	"";	"";	meteor crater
Poaceae;	"";	"";	grasses
Oersted;	"";	"";	oersted
Skin tag;	"";	"";	skin tag
Cichlid;	alticorpus;	macrocleithrum}}</ref><ref>{{fishbase;	""
Acrylamide;	"";	"";	acrylamide
Antonio Gramsci;	"";	"";	antonio gramsci
Harald Fairhair;	"";	"";	harald fairhair}}
Aardman Animations;	"";	"";	aardman animations limited
Wells, Somerset;	"";	"";	arms of wells city council
Thymus;	"";	"";	thymus
BBC BASIC;	"";	"";	bbc basic
Kochi;	"";	"";	kochi
Rhubarb;	rheum;	× hybridum&nbsp;(?)<!--non-breaking space is essential here-->;	rhubarb
Jana Gana Mana;	"";	no;	bbb
The Salmon of Doubt;	"";	"";	the salmon of doubt
Complex regional pain syndrome;	"";	"";	complex regional pain syndrome
Acorn Computers;	"";	"";	acorn computers ltd.
Sophie Wilson;	"";	"";	sophie wilson
Christopher Evans (computer scientist);	"";	"";	christopher riche evans
Schneider Trophy;	"";	"";	la coupe d'aviation maritime jacques schneider
Dagobah;	"";	"";	dagobah
Swinkels Family Brewers;	"";	"";	royal swinkels family brewers
Nanotech (anthology);	"";	"";	nanotech
Eskimo bowline;	"";	"";	eskimo bowline
Beonex Communicator;	"";	"";	beonex communicator
Castle Rock, Colorado;	"";	"";	castle rock, colorado
Mango;	"";	"";	mango
Khat;	catha;	edulis;	khat
Gerald of Wales;	"";	"";	gerald of wales
Geoffrey of Monmouth;	"";	"";	geoffrey of monmouth
Llandaff;	"";	"";	llandaff cp/ap
Leo Szilard;	"";	"";	leo szilard
Sorbitol;	"";	"";	""
Andrew Inglis Clark;	"";	"";	andrew inglis clark
Aniara;	"";	"";	''aniara''
The Brothers Johnson;	"";	"";	the brothers johnson
Barry White;	"";	"";	barry white
Steven Brust;	"";	"";	steven brust
Arnhem;	"";	"";	arnhem
Obesity;	"";	"";	obesity
Akhnaten (opera);	"";	"";	akhnaten
Jeff Bridges;	"";	"";	jeff bridges
A Dictionary of Modern English Usage;	"";	"";	a dictionary of modern english usage
Örnsköldsvik Municipality;	"";	"";	örnsköldsvik municipality
Antonio Stradivari;	"";	"";	antonio stradivari
Apraxia;	"";	"";	apraxia
Canavan disease;	"";	"";	canavan disease
Carpal tunnel syndrome;	"";	"";	}}
Cassava;	manihot;	esculenta;	cassava
Neurofibromatosis;	"";	"";	neurofibromatosis
Pelizaeus–Merzbacher disease;	"";	"";	pelizaeus–merzbacher disease
Leopold I of Belgium;	"";	"";	leopold i
Kingston upon Hull;	"";	"";	kingston upon hull
Rett syndrome;	"";	"";	rett syndrome
Theaetetus (dialogue);	"";	"";	"\"plato1\"}}"
Q fever;	"";	"";	q&nbsp;fever
Tay–Sachs disease;	"";	"";	tay–sachs disease
Tourette syndrome;	"";	"";	tourette syndrome
Sax Rohmer;	"";	"";	sax rohmer
Regina Maršíková;	"";	"";	regina maršiková
Bergen;	"";	"";	bergen
Mons;	"";	"";	mons
Bharatanatyam;	"";	"";	bharatanatyam
Monarchy of Canada;	"";	"";	found}} the monarchy has evolved through a [[list of canadian monarchs
Saratoga County, New York;	"";	"";	"\"sullivan founding\"}}"
Marlinespike hitch;	"";	"";	marlinespike hitch
Judi Bari;	"";	"";	judi bari
Kidney dialysis;	"";	"";	kidney dialysis
Capillary;	"";	"";	capillary
Diabetic ketoacidosis;	"";	"";	diabetic ketoacidosis
Galactose;	"";	"";	{{sm
Retinopathy;	"";	"";	retinopathy
Diabetic retinopathy;	"";	"";	diabetic retinopathy
Hanna-Barbera;	"";	"";	hanna-barbera cartoons, inc.
Beta cell;	"";	"";	beta cell
Jet lag;	"";	"";	jet lag
Blood glucose monitoring;	"";	"";	blood glucose monitoring
Blood pressure;	"";	"";	blood pressure
Anesthesia;	"";	"";	anesthesia<br/>anaesthesia
Circadian rhythm;	"";	"";	circadian rhythm
Pleiades;	"";	"";	pleiades
Ashgabat;	"";	"";	ashgabat
Maria Edgeworth;	"";	"";	maria edgeworth
Castle Rackrent;	"";	"";	castle rackrent
Humphrey B. Bear;	"";	[[brown bear]];	humphrey b. bear
The Absentee;	"";	"";	the absentee
Frances Burney;	"";	"";	fanny burney}}
Achondroplasia;	"";	"";	achondroplasia
New General Catalogue;	"";	"";	''new general catalogue''}}
Henry Bergh;	"";	"";	henry bergh
Astana;	"";	no;	astana
Bandar Seri Begawan;	"";	"";	bandar seri begawan
Bangkok;	"";	"";	bangkok
Calamansi;	citrus;	× microcarpa;	calamansi
Belmopan;	"";	"";	belmopan
Bridgetown;	"";	"";	bridgetown port}}) lies on the southwestern coast of the island. parts of the greater bridgetown area (as roughly defined by the [[ring road
Chișinău;	"";	"";	""
Colombo;	"";	"";	colombo
Ammonium perchlorate;	"";	"";	ammonium perchlorate
Dhaka;	"";	"";	dhaka
Dodoma;	"";	"";	dodoma
Dushanbe;	"";	"";	""
Gaborone;	"";	"";	""
Hanoi;	"";	"";	hanoi
Apricot;	"";	"";	apricot
Harare;	"";	"";	""
Kigali;	"";	"";	""
Koror;	"";	"";	koror state
Geography of Andorra;	"";	"";	pic d'arial (north)}})
Geography of Mexico;	"";	"";	mexico
Geography of Mayotte;	"";	"";	mayotte
Geography of Mauritius;	"";	"";	[[mauritius]]
Geography of Martinique;	"";	"";	martinique
Geography of Malta;	"";	"";	malta
Georgetown, Guyana;	"";	no;	""
California State University;	"";	"";	california state university
Geography of the Maldives;	"";	"";	maldives
Geography of Malaysia;	"";	"";	malaysia
Geography of Guyana;	"";	"";	guyana
Fish (singer);	"";	"";	fish
Geography of Rwanda;	"";	"";	rwanda
Guy Gavriel Kay;	"";	"";	guy gavriel kay
Canadian Football League;	"";	"";	hamilton tiger-cats}}
Quarterstaff;	"";	"";	quarterstaff fighting
Abuja;	"";	"";	"abuja<!-- as shown for all cities, this is inherently and automatically viewed as the official name. no need for another field for \"official name\". if you think \"abuja\" is not the official name, then change appropriately, otherwise don't add anything to it. -->"
Accra;	"";	"";	accra
Eating disorder;	"";	"";	eating disorder
Asmara;	"";	"";	asmara
Apia;	"";	"";	}}
Asunción;	"";	"";	""
Île de Ré;	"";	"";	isle of ré
Lake Baikal;	"";	"";	lake baikal
Angara;	"";	"";	angara
Yenisey;	"";	"";	yenisey
Lactose intolerance;	"";	"";	lactose intolerance
Ob (river);	"";	"";	ob
Arnold Bennett;	"";	"";	arnold bennett
Plum;	"";	"";	plums, raw
Limerick;	"";	"";	limerick
Pineapple;	ananas;	comosus;	pineapple
Carbon (API);	"";	"";	carbon
Farmer's loop;	"";	"";	farmer's loop
Trans-Siberian Railway;	"";	"";	trans-siberian railway
Baikal–Amur Mainline;	"";	"";	baikal–amur mainline
Uganda People's Defence Force;	"";	"";	uganda people's defence force
The Munsters;	"";	"";	the munsters}}</ref>
Institute of Electrical and Electronics Engineers;	"";	"";	institute of electrical and electronics engineers
Ulster County, New York;	"";	"";	"\"sullivan-founding\"}}"
Geography of Portugal;	"";	"";	portugal
Politics of Portugal;	"";	"";	psd and cds}}
Portuguese Armed Forces;	"";	"";	portuguese armed forces
Geography of the Netherlands;	"";	"";	the netherlands
Anita O'Day;	"";	"";	anita o'day
Paul Lynde;	"";	"";	paul lynde
North American Electric Reliability Corporation;	"";	"";	north american electric reliability corporation
Rhododendron 'President Roosevelt';	"";	"";	''rhododendron'' 'president roosevelt'
European robin;	erithacus;	rubecula;	""
Geography of Seychelles;	"";	"";	seychelles
Kuwait City;	"";	"";	kuwait city
Libreville;	"";	"";	}}
Lilongwe;	"";	"";	""
Luxembourg City;	"";	"";	luxembourg
Majuro;	"";	"";	majuro
European Investment Bank;	"";	"";	european investment bank
Malé;	"";	"";	malé
Managua;	"";	"";	""
Maputo;	"";	"";	""
Muscat;	"";	"";	}}
Niamey;	"";	"";	""
Nicosia;	"";	"";	nicosia
Lomé;	"";	"";	lomé
Copra;	"";	"";	coconut meat, raw
HMX;	"";	"";	""
Lettuce;	lactuca;	sativa;	lettuce
Dunfermline Abbey;	"";	"";	dunfermline abbey
Buddy Bolden;	"";	"";	charles buddy bolden
Roberto Calvi;	"";	"";	roberto calvi
Megiddo, Israel;	"";	"";	megiddo
Olympus Corporation;	"";	"";	olympus corporation
Propaganda Due;	"";	"";	propaganda 2 (p2)
Chickpea;	cicer;	arietinum;	chickpeas
Licio Gelli;	"";	"";	licio gelli
Vaalserberg;	"";	"";	vaalserberg
Waal (river);	"";	"";	waal
Drenthe;	"";	"";	drenthe
Overijssel;	"";	"";	overijssel
Gelderland;	"";	"";	gelderland
North Holland;	"";	"";	north holland
Heating, ventilation, and air conditioning;	"";	"";	hvac technician
Rib cage;	"";	"";	rib cage
Tucson, Arizona;	"";	"";	tucson
Verulamium;	"";	"";	verulamium
Mick Jagger;	"";	"";	mick jagger
Théophile Gautier;	"";	"";	théophile gautier
Clinton County, Missouri;	"";	"";	clinton county, missouri
Putnam County, Missouri;	"";	"";	putnam county, missouri
Adams County, Illinois;	"";	"";	adams county, illinois
Adi Shamir;	"";	"";	adi shamir
Prince (musician);	"";	no;	prince
The Police;	"";	no;	the police
Frederick II of Denmark;	"";	"";	frederick ii
Geranium cinereum;	geranium;	cinereum;	""
Abraham de Moivre;	"";	"";	abraham de moivre
Julius Caesar (play);	"";	"";	julius caesar}}
Circulatory system;	"";	"";	circulatory system
David Jones (artist-poet);	"";	"";	david jones
Emma (novel);	"";	"";	emma
Nukuʻalofa;	"";	"";	nukuʻalofa
Caribbean Community;	"";	"";	{{collapsible list
Panama City;	"";	"";	panama city
Paramaribo;	"";	"";	paramaribo
Port Louis;	"";	"";	port louis
Port Moresby;	"";	"";	port moresby
Port Vila;	"";	"";	port vila
Port-au-Prince;	"";	"";	port-au-prince
Port of Spain;	"";	"";	port of spain
Praia;	"";	"";	praia
Rabat;	"";	"";	""
SISAL;	"";	"";	sisal
Sisal;	agave;	sisalana;	sisal<br/>''agave sisalana''
Rambutan;	nephelium;	lappaceum;	rambutan
Przewalski's horse;	equus;	ferus;	przewalski's horse
Thurgood Marshall;	"";	"";	thurgood marshall
Peatrig Hill;	"";	"";	peatrig hill
Charlotte, North Carolina;	"";	"";	charlotte<!--do not add state name-->
Aaron Burr;	"";	no;	aaron burr
Banco Ambrosiano;	"";	"";	banco ambrosiano
Harrier (dog);	"";	"";	harrier
WB Games Boston;	"";	"";	warner bros. games boston
Erythronium;	erythronium}}</ref>;	"";	""
Erythronium 'Pagoda';	"";	"";	''erythronium'' 'pagoda'
James M. Buchanan;	"";	"";	james m. buchanan
Einkorn wheat;	triticum;	monococcum;	einkorn wheat
Jean Claude Eugène Péclet;	"";	"";	jean claude eugène péclet
Royal Horticultural Society;	"";	"";	royal horticultural society
Tashkent;	"";	"";	tashkent
Ulysses (spacecraft);	"";	"";	''ulysses''
Robert Yerkes;	"";	"";	robert yerkes
Walker Percy;	"";	"";	walker percy
Charles Edward Stuart;	"";	"";	name
Flagstaff, Arizona;	"";	"";	flagstaff
Anselme Payen;	"";	"";	anselme payen
The Cure;	"";	"";	the cure
Sachin Tendulkar;	"";	"";	sachin tendulkar
Olomouc;	"";	"";	olomouc
Limassol;	"";	"";	limassol
Basra;	"";	"";	}}
Casablanca (film);	"";	no;	casablanca
Cigarette card;	"";	"";	""
Algerian People's National Army;	"";	"";	algerian people's national army
El Alamein;	"";	"";	el alamein
Max Reinhardt;	"";	"";	max reinhardt
Brisbane River;	"";	"";	brisbane river
Nursultan Nazarbayev;	"";	"";	nursultan nazarbayev
Geography of Norway;	"";	"";	norway
Politics of Norway;	"";	"";	politics of norway
Common sunflower;	helianthus;	annuus;	""
Multituberculata;	"";	"";	multituberculates
Yakima River;	"";	"";	yakima river
Kodak;	"";	"";	eastman kodak company
San Salvador;	"";	"";	san salvador
Tri-Cities, Washington;	"";	"";	tri-cities
Carl Orff;	"";	"";	carl orff
Richland, Washington;	"";	"";	richland, washington
Santo Domingo;	"";	"";	santo domingo
Geography of Guatemala;	"";	"";	guatemala
Sofia;	"";	"";	sofia
St. George's, Grenada;	"";	"";	st. george's
Taipei;	"";	"";	taipei city
Tehran;	"";	"";	tehran
Thimphu;	"";	"";	}}
Tunis;	"";	"";	tunis
Valletta;	"";	"";	valletta
Rick Wakeman;	"";	"";	rick wakeman
Windhoek;	"";	no;	windhoek
Nobuo Uematsu;	"";	"";	nobuo uematsu
Project Pluto;	"";	"";	tory ii-c
Anxiety disorder;	"";	"";	anxiety disorder
Montgomery, Alabama;	"";	"";	montgomery, alabama
Dover, Delaware;	"";	"";	dover
Tallahassee, Florida;	"";	"";	tallahassee
Springfield, Illinois;	"";	"";	springfield
Indianapolis;	"";	no;	indianapolis
Topeka, Kansas;	"";	"";	topeka, kansas
Amur;	"";	"";	amur
Dermatitis;	"";	"";	atopic dermatitis
Rob Malda;	"";	"";	rob malda
Richard von Krafft-Ebing;	"";	"";	richard von krafft-ebing
Arkan;	"";	"";	željko ražnatović
Women's National Basketball Association;	"";	"";	noresult
Agoraphobia;	"";	"";	agoraphobia
James Randi Educational Foundation;	"";	"";	james randi educational foundation
Leopold II of Belgium;	"";	"";	leopold ii
Franz Miklosich;	"";	"";	franz miklosich
Slavko Avsenik;	"";	"";	slavko avsenik
Ad Lib, Inc.;	"";	"";	ad lib, inc.
Ivory Coast;	"";	"";	"teeths}} literally \"coast of teeth\", again reflecting the ivory trade;{{sfn"
Ian Livingstone;	"";	"";	ian livingstone
Ebola River;	"";	"";	ebola river
Battle of the Atlantic;	"";	"";	"\"us\"}}"
Charlie and the Chocolate Factory;	"";	"";	charlie and the chocolate factory
Women's Tennis Association;	"";	"";	women's tennis association
Clay County, Missouri;	"";	"";	clay county, missouri
Clay County, Texas;	"";	"";	clay county}}
Georgetown, Ascension Island;	"";	"";	georgetown
Stephen Crane;	"";	"";	stephen crane
Newcastle United F.C.;	"";	"";	[[martin dúbravka]]}}
Alexander Shulgin;	"";	"";	alexander shulgin
Donnie Darko;	"";	"";	donnie darko
Stephen Baxter (author);	"";	"";	stephen baxter
Bernard Baruch;	"";	no;	bernard baruch
Frankfort, Kentucky;	"";	"";	frankfort
Baton Rouge, Louisiana;	"";	"";	baton rouge
Annapolis, Maryland;	"";	"";	annapolis
Jefferson City, Missouri;	"";	"";	jefferson city
Trenton, New Jersey;	"";	"";	trenton, new jersey
Raleigh, North Carolina;	"";	"";	raleigh
Bismarck, North Dakota;	"";	"";	bismarck, north dakota
Oklahoma City;	"";	"";	oklahoma city
Harrisburg, Pennsylvania;	"";	"";	harrisburg
Columbia, South Carolina;	"";	"";	columbia
Pierre, South Dakota;	"";	"";	pierre
Olympia, Washington;	"";	"";	olympia
Charleston, West Virginia;	"";	"";	charleston, west virginia
Madison, Wisconsin;	"";	"";	madison
Charlotte Amalie, U.S. Virgin Islands;	"";	"";	charlotte amalie<!-- at least one of the first two fields must be filled in -->
San Juan, Puerto Rico;	"";	"";	san juan
Wilhelm Canaris;	"";	"";	wilhelm canaris
Pago Pago;	"";	"";	pago pago <!-- at least one of the first two fields must be filled in -->
Soap;	"";	no;	""
Henry IV of France;	"";	"";	henry iv
In vitro fertilisation;	"";	"";	in vitro fertilisation
Helen Atkinson-Wood;	"";	"";	helen atkinson-wood}}</ref> she appeared as [[mrs miggins]] in ''[[blackadder the third]]''.{{hsp}}<ref>{{cite news
Ficus;	"";	"";	fig trees
Sayan Mountains;	"";	"";	sayan mountains
Norfolk, Virginia;	"";	"";	norfolk
Metz;	"";	"";	metz
Brest, France;	"";	"";	brest
Antigone;	"";	"";	antigone
Verkhoyansk Range;	"";	"";	verkhoyansk range
Desmond Llewelyn;	"";	"";	desmond llewelyn
Pituitary gland;	"";	"";	pituitary gland
Sea of Okhotsk;	"";	"";	sea of okhotsk
Fritz Walter;	"";	"";	fritz walter
Vitus Bering;	"";	"";	vitus jonassen bering
Fafhrd and the Gray Mouser;	"";	[[human]];	fafhrd and the gray mouser series
Theobroma cacao;	theobroma;	cacao;	""
Provinces of the Netherlands;	"";	"";	provinces of the netherlands
Montgomery County, Missouri;	"";	"";	montgomery county, missouri
Hawker Hurricane;	"";	"";	hurricane
Tony Robinson;	"";	"";	tony robinson
Battle of Britain;	"";	"";	royal air force}}
Time Team;	"";	"";	"\"episode count\""
Datura stramonium;	datura;	stramonium;	jimsonweed
Ian Fleming;	"";	no;	ian fleming
Gladius;	"";	"";	''gladius''
Rudolf Carnap;	"";	"";	rudolf carnap
Falchion;	"";	"";	falchion
Adrenocorticotropic hormone;	"";	"";	[[proopiomelanocortin
Gentiana acaulis;	gentiana;	acaulis;	""
Bachem Ba 349 Natter;	"";	"";	ba 349 natter
Tora! Tora! Tora!;	"";	"";	tora! tora! tora!
Lewis–Clark State College;	"";	"";	lewis-clark state college
Control Data Corporation;	"";	"";	control data corporation
Hopi;	"";	"";	the unwritten literature of the hopi, by hattie greene lockett}}
Oliver Goldsmith;	"";	"";	oliver goldsmith
Stuckism;	"";	"";	stuckism
Figure-eight knot;	"";	"";	figure-eight knot
Bering Sea;	"";	"";	bering sea
W. C. Handy;	"";	"";	w. c. handy
House of Este;	"";	"";	house of este
Hervé Villechaize;	"";	"";	hervé villechaize
Sakhalin;	"";	"";	sakhalin
ITV (TV network);	"";	"";	itv network<br />channel 3
Jean-François de Galaup, comte de Lapérouse;	"";	"";	jean-françois de galaup, comte de lapérouse
Hokkaido;	"";	"";	hokkaidō
Curtly Ambrose;	"";	"";	curtly ambrose
Smaug;	"";	"";	smaug
Beorn;	"";	"";	beorn
List of counties in Arkansas;	"";	"";	counties of arkansas
Quebec French;	"";	"";	quebec french
Ferdinand Peroutka;	"";	"";	ferdinand peroutka
Proterozoic;	"";	"";	proterozoic
Thorin Oakenshield;	"";	"";	thorin oakenshield
Cossacks;	"";	"";	kaznakov_quote
The Manchurian Candidate (1962 film);	"";	"";	the manchurian candidate
Army of Northern Virginia;	"";	"";	confederate states
Dust devil;	"";	"";	dust devil
Lonely Mountain;	"";	"";	''lonely mountain''
Pride parade;	"";	"";	<!--uses page name if omitted-->
Savinja;	"";	"";	savinja
AirPort;	"";	"";	airport
Freckle;	"";	"";	freckle
Richard Boyle, 1st Earl of Cork;	"";	"";	the earl of cork
Antwerp Province;	"";	"";	antwerp province
Pierre Corneille;	"";	"";	pierre corneille
Mikhail Bakunin;	"";	"";	mikhail bakunin
Baal;	"";	"";	baʿal
Churchill Babington;	"";	"";	churchill babington
Fujitsu;	"";	"";	fujitsu limited
Arcadia (regional unit);	"";	"";	arcadia
Solon;	"";	"";	solon
Baccio d'Agnolo;	"";	"";	baccio d'agnolo
Carl Philipp Emanuel Bach;	"";	"";	carl philipp emanuel bach
Honey bee;	"";	"";	honey bee
List of counties in Alabama;	"";	"";	counties of alabama
Fig wasp;	"";	"";	fig wasps
List of counties in Delaware;	"";	"";	counties of delaware
List of counties in Florida;	"";	"";	counties of florida
List of counties in Idaho;	"";	"";	counties of idaho
List of counties in Indiana;	"";	"";	counties of indiana
List of counties in Iowa;	"";	"";	counties of iowa
List of counties in Kansas;	"";	"";	counties of kansas
List of counties in Maine;	"";	"";	counties of maine
Louse;	"";	"";	phthiraptera
List of counties in Michigan;	"";	"";	counties of michigan
List of counties in Mississippi;	"";	"";	counties of mississippi
Sucking louse;	"";	"";	sucking louse
List of counties in Missouri;	"";	"";	independent city and counties of missouri
List of counties in Nevada;	"";	"";	independent city and counties of nevada
List of counties in New Hampshire;	"";	"";	counties of new hampshire
List of counties in New Mexico;	"";	"";	counties of new mexico
List of counties in Nebraska;	"";	"";	counties of nebraska
List of counties in South Dakota;	"";	"";	counties of south dakota
List of counties in West Virginia;	"";	"";	counties of west virginia
List of counties in Wisconsin;	"";	"";	counties of wisconsin
List of counties in Wyoming;	"";	"";	counties of wyoming
Miao, Arunachal Pradesh;	"";	"";	miao, changlang
Klyuchevskaya Sopka;	"";	"";	klyuchevskaya sopka
Joseph Billings;	"";	"";	billings glacier
Cape Dezhnyov;	"";	"";	cape dezhnev
Sergei Kirov;	"";	"";	sergei kirov
Eyeball (film);	"";	"";	eyeball
Tryptophan;	"";	"";	{{sm
M. John Harrison;	"";	"";	m. john harrison
Arcadia (play);	"";	"";	arcadia
YaST;	"";	"";	yast
Jaffas;	"";	"";	jaffas
Narconon;	"";	"";	narconon
Thomas Szasz;	"";	no;	thomas szasz
Anne of Green Gables;	"";	"";	anne of green gables
Natural Resources Defense Council;	"";	"";	natural resources defense council
Wright brothers;	"";	"";	wright brothers
Zbigniew Brzezinski;	"";	"";	zbigniew brzezinski
Alexander Dallas Bache;	"";	"";	alexander dallas bache
Bacan Islands;	"";	"";	bacan
Back River (Nunavut);	"";	"";	back river
Leonard Bacon;	"";	"";	leonard bacon
Badajoz;	"";	"";	badajoz
Sisto Badalocchio;	"";	"";	sisto badalocchio
Badalona;	"";	"";	badalona
Charles Badham;	"";	"";	badham, charles}}</ref>
Jodocus Badius;	"";	"";	jodocus badius
Charente-Maritime;	"";	"";	charente-maritime
Otto of Bamberg;	"";	"";	otto of bamberg
Free improvisation;	"";	"";	free improvisation
Eadred;	"";	"";	edred, king of england}}
Æthelstan;	"";	"";	æthelstan
White-nosed coati;	nasua;	narica;	""
Leah Goldberg;	"";	"";	leah goldberg
River Parrett;	"";	"";	river parrett
Sleepy Hollow, New York;	"";	"";	}}
Zwolle;	"";	"";	zwolle
Sleepy Hollow Cemetery;	"";	"";	sleepy hollow cemetery
Suez Crisis;	"";	"";	the middle east (1963)}}
Lawrence Welk;	"";	"";	lawrence welk
John Denver;	"";	"";	john denver
Zutphen;	"";	"";	zutphen
Louisville, Kentucky;	"";	"";	louisville
El (deity);	"";	"";	el (english)<br />{{lang
Palestinian Academic Society for the Study of International Affairs;	"";	"";	palestinian academic society for the study of international affairs (passia) <br/> <big>'''الجمعية الفلسطينية الأكاديمية للشؤون الدولية'''</big>
Hobbit;	"";	"";	hobbit
The Wasp Factory;	"";	"";	the wasp factory
Espedair Street;	"";	"";	espedair street
The Crow Road;	"";	"";	the crow road
Consider Phlebas;	"";	"";	consider phlebas
Leopold Zunz;	"";	"";	leopold zunz
Ignacio Zuloaga;	"";	"";	ignacio zuloaga
Hudson Bay;	"";	"";	hudson bay
Erysipelas;	"";	"";	erysipelas
Group A streptococcal infection;	"";	"";	group a streptococcal infection
Dida language;	"";	"";	dida
Bété languages;	"";	"";	bété
James Bay;	"";	"";	james bay
Nazgûl;	"";	"";	nazgûl
Hudson Strait;	"";	"";	hudson strait}}
Labrador;	"";	"";	labrador
Honeywell 6000 series;	"";	"";	honeywell 6000 series
CDC 6600;	"";	"";	cdc 6600
Inversions (novel);	"";	"";	inversions
Sola scriptura;	"";	"";	"\"schaff quote\"}} the protestant view of {{lang"
Liquid hydrogen;	"";	"";	liquid hydrogen
Worcester, England;	"";	"";	worcester
Alan Shearer;	"";	"";	alan shearer
Ruud Gullit;	"";	"";	ruud gullit
Hypothalamus;	"";	"";	hypothalamus
Cerebral cortex;	"";	"";	cerebral cortex
Farmer;	"";	"";	farmer
Arbor Day Foundation;	"";	"";	""
Sunflower seed;	"";	"";	sunflower seed kernels, dried
Water buffalo;	"";	"";	water buffalo
1066 and All That;	"";	"";	1066 and all that
Gulf of Aden;	"";	"";	gulf of aden
Judy Garland;	"";	"";	judy garland
Fatimid dynasty;	"";	"";	fatimid dynasty
Margaret I of Denmark;	"";	"";	margaret i
Alum;	"";	"";	picon-etal-2005-lalun
Perth, Scotland;	"";	no;	""
Peter Naur;	"";	"";	peter naur
James I of Scotland;	"";	"";	james i
Marburg virus disease;	"";	"";	""
Heike Kamerlingh Onnes;	"";	"";	heike kamerlingh onnes
Vicente Aleixandre;	"";	"";	vicente aleixandre<!-- do not add image icons such as nobel peace, see [[:template:infobox writer]] -->
William Murdoch;	"";	"";	william murdoch
James Bowman Lindsay;	"";	"";	james bowman lindsay
Taiwanese Hokkien;	"";	"";	taiwanese hokkien
Molasses;	"";	"";	molasses
Austronesian languages;	"";	"";	austronesian
Malayo-Polynesian languages;	"";	"";	malayo-polynesian
Teff;	eragrostis;	tef;	teff, cooked
Lake Zug;	"";	"";	lake zug
Metro-Goldwyn-Mayer;	"";	"";	metro-goldwyn-mayer studios, inc.
Federico Zuccari;	"";	"";	federico or federigo zuccaro
Francesco Zuccarelli;	"";	"";	francesco zuccarelli
Heinrich Zschokke;	"";	"";	heinrich zschokke}}
Zosterops;	"";	"";	''zosterops''
Regions of France;	"";	"";	regions of france<br/>{{native name
Fiona Apple;	"";	no;	fiona apple
Joseph Bonanno;	"";	"";	joseph bonanno
Regions of New Zealand;	"";	"";	regions
Wall Street (1987 film);	"";	"";	wall street
José Zorrilla;	"";	"";	josé zorrilla
Sarbinowo, Gmina Dębno;	"";	"";	sarbinowo
Maclura pomifera;	maclura;	pomifera;	osage orange
Cedrus;	"";	"";	cedar
An Inspector Calls;	"";	"";	an inspector calls
Johannesburg;	"";	"";	johannesburg
Music of Latin America;	"";	"";	music of latin america
Ender's Game;	"";	"";	ender's game
Rock and Roll Hall of Fame;	"";	"";	rock and roll hall of fame
Gland;	"";	"";	gland
Melodica;	"";	"";	melodica
Concertina;	"";	"";	concertina
Naboo;	"";	"";	naboo
Measles;	"";	"";	measles
Oscar-class submarine;	"";	"";	oscar ii class
Edward the Black Prince;	"";	"";	"\"dysentery\"}} and was buried in canterbury cathedral, where his [[surcoat]], helmet, shield, and gauntlets are still preserved."
Washington University in St. Louis;	"";	"";	washington university in st. louis
Margrethe II of Denmark;	"";	"";	margrethe ii
Ron Howard;	"";	"";	ron howard
Witch-hunt;	"";	"";	victim_stats}} the total number of witch trials in europe which are known to have ended in executions is around 12,000.<ref>{{cite web
Diphtheria;	"";	"";	diphtheria
Evening Standard;	"";	"";	evening standard
Friedensreich Hundertwasser;	"";	"";	friedensreich hundertwasser
Nicholas Bacon (Lord Keeper);	"";	"";	nicholas bacon
Pierce Egan;	"";	"";	pierce egan}}
Yaren District;	"";	"";	yaren
Geelong;	"";	"";	geelong
Vaduz;	"";	"";	medea de novara}}. retrieved 17 november 2018.</ref>
Aristobulus III of Judea;	"";	"";	aristobulus iii of israel}}
Asher ben Jehiel;	"";	"";	asher ben jehiel
Albury;	"";	"";	albury
Wodonga;	"";	"";	wodonga
Queensland;	"";	"";	queensland
Kobe;	"";	"";	kobe
Honshu;	"";	"";	honshū
Hiroshima;	"";	"";	hiroshima
Akita (dog);	"";	"";	akita
Arena Football League;	"";	"";	presumed
Type XIV submarine;	"";	"";	""
Hemant Kumar;	"";	"";	hemanta mukhopadhyay
Comma;	"";	"";	combining comma below
Apostrophe;	"";	"";	apostrophe
Colon (punctuation);	"";	"";	colon
Hauts-de-Seine;	"";	"";	hauts-de-seine
Asterisk;	"";	"";	asterisk
Bullet (typography);	"";	"";	bullet
Dagger (mark);	"";	"";	dagger
Mumps;	"";	"";	mumps
Judas Iscariot;	"";	"";	judas iscariot
Widukind;	"";	"";	widukind
Richard Boyle, 3rd Earl of Burlington;	"";	"";	the earl of burlington and cork
Blohm+Voss;	"";	"";	blohm+voss b.v. & co. kg
Pope Hyginus;	"";	"";	hyginus
Pope Pius X;	"";	"";	pius x
Pope Gelasius I;	"";	"";	gelasius i
Alfred, Lord Tennyson;	"";	"";	the lord tennyson
Sophia Baddeley;	"";	"";	sophia baddeley
Liza Minnelli;	"";	"";	liza minnelli
Gulf Oil;	"";	"";	gulf oil
RealAudio;	"";	"";	realaudio
Texaco;	"";	"";	texaco, inc.
Set (deity);	"";	"";	set
Papaya;	carica;	papaya;	papaya
Gold Coast, Queensland;	"";	"";	gold coast
Yuan Shikai;	"";	no }};	yuan shikai
Acridine;	"";	"";	acridine
Long Island City;	"";	"";	long island city
Pope Romanus;	"";	"";	romanus
Mbira;	"";	"";	mbira
Tatra Mountains;	"";	"";	tatra mountains
Pope Gregory XVI;	"";	"";	gregory xvi
Potomac River;	"";	"";	potomac river
Mallorca;	"";	"";	mallorca<br/>majorca
Lake Chad;	"";	"";	lake chad
Andorra la Vella;	"";	"";	andorra la vella
Bracket;	"";	"";	brackets
Hyphen;	"";	"";	unicode hyphen
Question mark;	"";	"";	"\"pcre-qm-uflag\"}} in certain implementations of the [[basic]] programming language, the <code>?</code> character may be used as a shorthand for the \"print\" function; in others (notably the [[bbc basic]] family), <code>?</code> is used to address a single-byte memory location. in [[ocaml]], the question mark precedes the label for an optional parameter. in [[scheme (programming language)"
Quotation marks in English;	"";	"";	double typographic quotes
Slash (punctuation);	"";	"";	slash or solidus
Jack Vance;	"";	"";	john vance
Eiji Tsuburaya;	"";	no;	eiji tsuburaya
Nancy Astor, Viscountess Astor;	"";	"";	the viscountess astor
Methionine;	"";	"";	methionine
Large intestine;	"";	"";	large intestine
John Murray, 4th Earl of Dunmore;	"";	"";	the earl of dunmore
Bartholomew Badlesmere, 1st Baron Badlesmere;	"";	"";	bartholomew badlesmere, 1st baron badlesmere
Titus Andronicus;	"";	"";	titus andronicus}}
Thaana;	"";	"";	thaana
Zbigniew Boniek;	"";	"";	zbigniew boniek
John Dryden;	"";	"";	john dryden
Amanita muscaria;	"";	"";	''amanita muscaria''
Meteorological Service of Canada;	"";	"";	meteorological service of canada
Reggie Jackson;	"";	"";	reggie jackson
Lumber;	"";	"";	on australia
Rust (fungus);	"";	"";	rusts
Binghamton, New York;	"";	"";	binghamton, new york
Pea;	"";	"";	pea
Measure for Measure;	"";	"";	measure for measure}}
Syriac language;	"";	"";	syriac
Amoco;	"";	"";	amoco corporation
ARCO;	"";	"";	atlantic richfield company
Standard Oil of Ohio;	"";	"";	standard oil of ohio
Thermal conductivity and resistivity;	"";	"";	thermal conductivity
Baryte;	"";	"";	baryte (barite)
Celestine (mineral);	"";	"";	celestine
Strontianite;	"";	"";	strontianite
Jeffery Amherst, 1st Baron Amherst;	"";	"";	the lord amherst
Chesapeake Bay;	"";	"";	chesapeake bay
Presidio of San Francisco;	"";	"";	presidio of san francisco
Carl Wilhelm Scheele;	"";	"";	carl wilhelm scheele
Russians;	"";	no}};	""
Lake Teletskoye;	"";	"";	lake teletskoye
Nico;	"";	"";	nico}}
Sagrada Família;	"";	"";	basílica de la sagrada família
Art Nouveau;	"";	"";	art nouveau
Albuminuria;	"";	"";	albuminuria
Jesus Christ Superstar;	"";	"";	jesus christ superstar
Palau Güell;	"";	"";	palacio güell
Jugendstil;	"";	"";	jugendstil
Figure-eight knot (mathematics);	1;	"";	figure-eight knot
Lake Zurich;	"";	"";	lake zurich
Putrajaya;	"";	"";	putrajaya
Strait of Malacca;	"";	"";	strait of malacca
Quidditch;	"";	"";	quidditch
Penang;	"";	"";	penang
Bilbo Baggins;	"";	"";	bilbo baggins
Vladimír Mečiar;	"";	"";	vladimír mečiar
Kawasaki Heavy Industries;	"";	"";	kawasaki heavy industries ltd.
Margaret Rutherford;	"";	"";	margaret rutherford
Mission San Diego de Alcalá;	"";	"";	mission san diego de alcalá
Charles Bukowski;	"";	"";	charles bukowski
Mission San Carlos Borromeo de Carmelo;	"";	"";	mission san carlos borromeo de carmelo
Atlantic Records;	"";	"";	{{color
Electric potential;	"";	"";	electric potential
Bagworm moth;	"";	"";	bagworm moths
Equal Rights Amendment;	"";	"";	hollingsworth v. virginia
Crocus;	"";	crocus;	""
Waikiki;	"";	"";	waikīkī
Xaviera Hollander;	"";	"";	xaviera hollander
Foreign Secretary;	"";	"";	name}}<br/>{{small
Paul Feyerabend;	"";	"";	paul feyerabend
Vallabhbhai Patel;	"";	no;	vallabhbhai patel
Integumentary system;	"";	"";	integumentary system
Louis Bonaparte;	"";	"";	louis bonaparte
Front de libération du Québec;	"";	"";	front de libération du québec
Gosling Emacs;	"";	"";	gosling emacs / unipress emacs
Hanni Wenzel;	"";	"";	hanni wenzel
Kiel;	"";	"";	eu28}}
Magic 8 Ball;	"";	"";	magic 8 ball
Huế;	"";	"";	huế
Flow My Tears, the Policeman Said;	"";	"";	flow my tears, the policeman said
MCI Inc.;	"";	"";	mci inc.
Montserrat (mountain);	"";	"";	montserrat
Girona;	"";	"";	girona
Toshiba;	"";	"";	toshiba corporation
Tarragona;	"";	"";	tarragona
Messina;	"";	"";	messina
1930 FIFA World Cup;	"";	"";	third
Messalina;	"";	"";	valeria messalina
Alicia Keys;	"";	"";	alicia keys
Murcia;	"";	"";	murcia
Navarre;	"";	"";	navarre
Pamplona;	"";	"";	pamplona
Chania;	"";	"";	chania
Heraklion;	"";	"";	heraklion
Menorca;	"";	"";	menorca<br />minorca
Panic attack;	"";	"";	panic attack
Brown recluse spider;	loxosceles;	reclusa;	brown recluse
Bored of the Rings;	"";	"";	bored of the rings
Darryl Kile;	"";	"";	darryl kile
Angler's loop;	"";	"";	angler's loop
Demography of the Netherlands;	"";	"";	merge}}
Politics of the Netherlands;	"";	"";	politics in the netherlands
Tim Wirth;	"";	"";	tim wirth
Leopold III of Belgium;	"";	"";	leopold iii
United States Naval Academy;	"";	"";	united states naval academy
Northumberland;	"";	"";	northumberland county council}}
Job: A Comedy of Justice;	"";	"";	job: a comedy of justice
Farmer in the Sky;	"";	"";	farmer in the sky
IBM System/370;	"";	"";	system/370
Friday (novel);	"";	"";	friday
Derek Parfit;	"";	"";	derek parfit
Mission San Antonio de Padua;	"";	"";	mission san antonio de padua
Mission San Gabriel Arcángel;	"";	"";	mission san gabriel arcángel
University of Virginia;	"";	"";	university of virginia
Have Space Suit—Will Travel;	"";	"";	have space suit — will travel
All You Zombies;	"";	"";	{{thinsp}}'—all you zombies—'{{thinsp}}
By His Bootstraps;	"";	"";	by his bootstraps
"\"If This Goes On—\"";	"";	"";	"\"if this goes on—\""
Misfit (short story);	"";	"";	misfit
Requiem (short story);	"";	"";	requiem
The Black Pits of Luna;	"";	"";	the black pits of luna
The Green Hills of Earth;	"";	"";	the green hills of earth
The Man Who Sold the Moon;	"";	"";	the man who sold the moon
The Menace from Earth;	"";	"";	the menace from earth
Red Planet (novel);	"";	"";	red planet
The Number of the Beast (novel);	"";	"";	the number of the beast
The Man Who Sold the Moon (short story collection);	"";	"";	the man who sold the moon
The Green Hills of Earth (short story collection);	"";	"";	the green hills of earth
Assignment in Eternity;	"";	"";	assignment in eternity
Revolt in 2100;	"";	"";	revolt in 2100
Retroreflector;	"";	"";	retroreflector
Rhea (mythology);	"";	"";	rhea
Rhea (moon);	"";	"";	rhea
Rhea (bird);	"";	"";	rheas
Royal Spanish Academy;	"";	"";	royal spanish academy
Vedea;	"";	"";	vedea
1950 FIFA World Cup;	"";	"";	estádio do maracanã}}</small>
Willie Davenport;	"";	"";	willie davenport
Mamo Wolde;	"";	"";	mamo wolde
Ernst & Young;	"";	"";	ernst & young
Danzig Research Society;	"";	"";	danzig research society
Erysimum 'Chelsea Jacket';	"";	''[[erysimum cheiri]]'';	''erysimum'' 'chelsea jacket'
Alfred Tarski;	"";	"";	alfred tarski
Peter Scott;	"";	"";	peter scott
J. F. C. Fuller;	"";	"";	john frederick charles fuller
Albert I of Belgium;	"";	"";	albert i
Charmander;	"";	pokémon;	charmander
Falconidae;	"";	"";	falcons and caracaras
Program counter;	"";	"";	"\"nb2\""
Ra'anana;	"";	"";	ra'anana
Aconitine;	"";	"";	""
Smells Like Teen Spirit;	"";	no;	smells like teen spirit
Lola Montez;	"";	"";	lola montez, ''[[gräfin]] von landsfeld''
Aotearoa;	"";	"";	spelling
Ernest Shackleton;	"";	"";	ernest shackleton
Douglas Mawson;	"";	"";	douglas mawson
Sam Houston;	"";	"";	sam houston
Jack Buck;	"";	"";	jack buck
Battle of Iwo Jima;	"";	"";	"\"note burrell2006p83\"}} most of the remainder were killed in action, but it has been estimated that as many as 3,000 continued to resist within the various cave systems for many days afterwards until they eventually succumbed to their injuries or surrendered weeks later.<ref name=burrell83/>{{sfn"
Włocławek;	"";	"";	włocławek
Trinity (nuclear test);	"";	"";	trinity
Matera;	"";	"";	matera
Willem Barentsz;	"";	"";	willem barentsz
Sadao Munemori;	"";	"";	sadao munemori
Mission San Luis Obispo de Tolosa;	"";	"";	missíon san luis obispo de tolosa
Samuel J. Tilden;	"";	"";	samuel j. tilden
Mission San Francisco de Asís;	"";	"";	mission san francisco de asís
Mission San Juan Capistrano;	"";	"";	mission san juan capistrano
Mission Santa Clara de Asís;	"";	"";	mission santa clara
Mission San Buenaventura;	"";	"";	mission basilica san buenaventura
Mission Santa Barbara;	"";	"";	mission santa barbara
Psilocybe cubensis;	psilocybe;	cubensis;	''psilocybe cubensis''
La Purísima Mission;	"";	"";	la purísima mission
Mission Santa Cruz;	"";	"";	mission santa cruz
Mission Nuestra Señora de la Soledad;	"";	"";	mission nuestra señora de la soledad
Mission San José (California);	"";	"";	mission san josé
Mission San Juan Bautista;	"";	"";	mission san juan bautista
Janet Jackson;	"";	no}};	janet jackson
Mission San Miguel Arcángel;	"";	"";	mission san miguel arcángel
Unknot;	0;	"";	unknot
Mission San Fernando Rey de España;	"";	"";	mission san fernando rey de españa
Mission San Luis Rey de Francia;	"";	"";	mission san luis rey de francia
Mission Santa Inés;	"";	"";	mission santa inés
Mission San Rafael Arcángel;	"";	"";	mission san rafael arcángel
Roentgenium;	"";	"";	nc
Terry Bradshaw;	"";	"";	terry bradshaw
Enzo Ferrari;	"";	"";	enzo ferrari
Attack on Pearl Harbor;	"";	"";	hawaii time
HP-GL;	"";	"";	hewlett-packard graphics language
Eadweard Muybridge;	"";	"";	eadweard muybridge
George Eastman;	"";	"";	george eastman
Juno Beach;	"";	"";	germany}}
Operation Fortitude;	"";	"";	""
Foundation's Edge;	"";	"";	foundation's edge
The Caves of Steel;	"";	"";	the caves of steel
Prelude to Foundation;	"";	"";	prelude to foundation
Foundation and Earth;	"";	"";	foundation and earth
Foundation series;	"";	"";	foundation
Robot series;	"";	"";	''robot'' series
Galactic Empire series;	"";	"";	galactic empire series
Wilson's disease;	"";	"";	wilson's disease
Time Enough for Love;	"";	"";	time enough for love
Sjögren syndrome;	"";	"";	sjögren's syndrome
Roy Lichtenstein;	"";	"";	roy lichtenstein
The Rolling Stones (novel);	"";	"";	the rolling stones
The Door into Summer;	"";	"";	the door into summer
Jasper Johns;	"";	"";	jasper johns
Farnham's Freehold;	"";	"";	farnham's freehold
Gary Gordon;	"";	"";	gary gordon
Randy Shughart;	"";	"";	randy shughart
She Done Him Wrong;	"";	"";	she done him wrong
The Good Earth (film);	"";	"";	the good earth
The Maltese Falcon (novel);	"";	"";	the maltese falcon
It's a Wonderful Life;	"";	no;	it's a wonderful life
Average;	"";	"";	avaria
The Red Shoes (1948 film);	"";	"";	the red shoes
The Treasure of the Sierra Madre;	"";	"";	the treasure of the sierra madre
State Fair (1933 film);	"";	"";	state fair
Seven Brides for Seven Brothers;	"";	"";	seven brides for seven brothers
Bruce Springsteen;	"";	"";	bruce springsteen
The Castle of Crossed Destinies;	"";	"";	the castle of crossed destinies
If on a winter's night a traveler;	"";	"";	if on a winter's night a traveler
Henri Matisse;	"";	"";	''matisse, his art and his public''}}.
Killing Is My Business... and Business Is Good!;	"";	"";	killing is my business... and business is good!
Peace Sells... but Who's Buying?;	"";	"";	peace sells... but who's buying?
Trichuris trichiura;	"";	"";	whipworm(s)
Strongyloides stercoralis;	strongyloides;	stercoralis;	threadworm
The Forsyte Saga;	"";	"";	the forsyte saga
MCS-51;	"";	"";	intel 8051
Georg Trakl;	"";	"";	georg trakl}}
Dugongidae;	"";	"";	dugongidae<ref name=msw3>{{msw3 shoshani}}</ref>
Dugong;	dugong;	dugon;	dugong
IBM 8514;	"";	"";	ibm 8514
88open;	"";	"";	88open consortium ltd.
California sea lion;	zalophus;	californianus;	""
Jean de La Fontaine;	"";	"";	jean de la fontaine
Sea lion;	"";	"";	sea lion
Pinniped;	"";	"";	pinnipeds
Mephitidae;	"";	"";	mephitidae
Self (programming language);	"";	"";	self
Funeral in Berlin;	"";	"";	funeral in berlin
Billion-Dollar Brain;	"";	"";	billion-dollar brain
Kim (novel);	"";	"";	kim
Margaret Atwood;	"";	"";	margaret atwood}}
Homeobox;	"";	"";	homeodomain
Chasing Amy;	"";	"";	chasing amy
Kevin Smith;	"";	no}};	kevin smith
Steller sea lion;	eumetopias;	jubatus;	steller sea lion
So Far, So Good... So What!;	"";	"";	so far, so good... so what!
Rust in Peace;	"";	"";	rust in peace
Countdown to Extinction;	"";	"";	countdown to extinction
Youthanasia;	"";	"";	youthanasia
Hidden Treasures (EP);	"";	"";	hidden treasures
Cryptic Writings;	"";	"";	cryptic writings
Risk (Megadeth album);	"";	"";	risk
The World Needs a Hero;	"";	"";	the world needs a hero
Whit (novel);	"";	"";	whit
Rude Awakening (Megadeth album);	"";	"";	rude awakening
Iris Murdoch;	"";	"";	iris murdoch
Alanis Morissette;	"";	"";	alanis morissette
Bloc Québécois;	"";	"";	bloc québécois
Bay Area Rapid Transit;	"";	"";	bay area rapid transit (bart)
Richmond, California;	"";	"";	ford motor company assembly plant}}</ref> in 2004 it was purchased by developer eddie orton,<ref>{{cite news
Chandrakirti;	"";	"";	chandrakīrti
Amherst College;	"";	"";	amherst college
Albany, California;	"";	"";	albany, california
Anapsid;	"";	"";	anapsids
Illyria;	"";	"";	illyria
Mostly Harmless;	"";	"";	mostly harmless
Front 242;	"";	"";	front 242
Aioli;	"";	"";	aioli
HCL Domino;	"";	"";	hcl notes and domino
Steller's sea cow;	hydrodamalis;	gigas;	steller's sea cow
Susa;	"";	"";	susa
Archie (search engine);	"";	"";	archie
Archie Comics;	"";	"";	archie comic publications, inc.
